matchNumber,matchKey,blue1,blue2,blue3,red1,red2,red3,blueScore,redScore,post_result_time,predicted_time,blueAdjustPoints,blueAutoOwnership,blueAutoPts,blueAutoRanking,blueAutoBot1,blueAutoBot2,blueAutoBot3,blueAutoRunPoints,blueAutoScaleOwnershipSec,blueAutoSwitchAtZero,blueAutoSwitchOwnershipSpec,blueEndGamePoints,blueEndGameBot1,blueEndGameBot2,blueEndGameBot3,blueEndGameRP,blueFoulCount,blueFoulPts,blueRP,tbaGameData,blueTechFoulCount,blueTOownership,blueTOpts,blueScaleBoost,blueScaleForce,blueTOscaleOwnershipSec,blueTOswitchBoost,blueTOswitchForce,blueTOswitchOwnershipSec,blueBoostPlayed,blueBoostTotal,blueForcePlayed,blueForceTotal,blueLevitatePlayed,blueLevitateTotal,blueVaultPts,redAdjustPoints,redAutoOwnership,redAutoPts,redAutoRanking,redAutoBot1,redAutoBot2,redAutoBot3,redAutoRunPoints,redAutoScaleOwnershipSec,redAutoSwitchAtZero,redAutoSwitchOwnershipSpec,redEndGamePoints,redEndGameBot1,redEndGameBot2,redEndGameBot3,redEndGameRP,redFoulCount,redFoulPts,redRP,tbaGameData,redTechFoulCount,redTOownership,redTOpts,redScaleBoost,redScaleForce,redTOscaleOwnershipSec,redTOswitchBoost,redTOswitchForce,redTOswitchOwnershipSec,redBoostPlayed,redBoostTotal,redForcePlayed,redForceTotal,redLevitatePlayed,redLevitateTotal,redVaultPts
1,2018cthar_qm1,6346,5142,177,3464,5129,2067,215,365,1523113669,1523113441,0,20,35,True,AutoRun,AutoRun,AutoRun,15,0,True,10,40,Parking,Parking,Levitate,False,0,0,1,LLL,0,115,180,0,0,1,0,0,114,2,2,0,0,3,3,25,0,22,37,True,AutoRun,AutoRun,AutoRun,15,7,True,4,60,Levitate,None,Climbing,False,0,0,3,LLL,0,248,328,0,0,129,0,0,119,0,1,0,0,3,3,20
10,2018cthar_qm10,195,236,176,4987,7153,6333,454,30,1523118194,1523118001,0,42,57,True,AutoRun,AutoRun,AutoRun,15,10,True,11,35,Parking,Levitate,None,False,1,25,3,LRL,0,292,372,10,10,136,10,10,136,3,3,3,3,3,3,45,0,0,15,False,AutoRun,AutoRun,AutoRun,15,0,False,0,10,Parking,Parking,None,False,0,5,0,LRL,1,0,10,0,0,0,0,0,0,0,0,0,0,0,0,0
11,2018cthar_qm11,155,1085,190,5142,839,2785,394,260,1523118760,1523118601,0,36,51,True,AutoRun,AutoRun,AutoRun,15,7,True,11,35,None,Parking,Levitate,False,3,30,3,RRR,0,263,313,0,0,127,0,0,136,0,0,0,0,3,3,15,0,0,15,False,AutoRun,AutoRun,AutoRun,15,0,False,0,60,None,Climbing,Levitate,False,1,15,0,RRR,1,135,230,0,10,11,10,10,114,1,1,3,3,3,3,35
12,2018cthar_qm12,571,6895,3634,175,1991,5686,50,430,1523119086,1523118962,0,0,10,False,AutoRun,AutoRun,None,10,0,False,0,35,Climbing,Parking,None,False,4,0,0,LLL,0,0,40,0,0,0,0,0,0,0,0,0,0,0,1,5,0,18,33,True,AutoRun,AutoRun,AutoRun,15,0,True,9,65,Climbing,Parking,Levitate,False,0,20,3,LLL,0,267,377,10,10,121,0,10,136,2,3,3,3,3,3,45
13,2018cthar_qm13,7127,173,3654,6346,6812,1973,395,213,1523119527,1523119327,0,12,27,True,AutoRun,AutoRun,AutoRun,15,0,True,6,40,Levitate,Parking,Parking,False,0,0,3,LRL,0,283,368,10,10,127,10,10,136,3,3,3,3,3,3,45,0,0,15,False,AutoRun,AutoRun,AutoRun,15,0,False,0,40,Parking,Parking,Levitate,False,0,0,0,LRL,0,133,198,0,0,1,0,0,132,0,0,2,2,3,3,25
14,2018cthar_qm14,2170,230,177,558,2836,6811,484,171,1523120014,1523119802,0,26,41,True,AutoRun,AutoRun,AutoRun,15,2,True,11,90,Levitate,Climbing,Climbing,True,2,30,4,LRL,0,283,413,10,10,127,10,0,136,3,3,2,2,3,3,40,0,6,11,False,None,AutoRun,None,5,3,False,0,65,Parking,Climbing,Levitate,False,1,10,0,LRL,1,40,150,0,10,11,0,10,29,3,3,3,3,3,3,45
15,2018cthar_qm15,2067,236,5746,5686,3634,176,232,419,1523120456,1523120181,0,20,35,True,AutoRun,AutoRun,AutoRun,15,0,True,10,40,Parking,Parking,Levitate,False,1,0,1,RRR,0,132,197,0,0,0,0,10,132,0,0,1,2,3,3,25,0,24,39,True,AutoRun,AutoRun,AutoRun,15,1,True,11,65,Levitate,Parking,Climbing,False,0,5,3,RRR,0,270,375,10,10,126,10,0,124,3,3,2,2,3,3,40
16,2018cthar_qm16,571,7153,999,3654,5142,2064,344,155,1523120851,1523120642,0,14,24,False,AutoRun,AutoRun,None,10,7,False,0,60,Climbing,Levitate,None,False,1,0,2,RRR,1,225,320,5,0,82,10,0,128,3,3,0,1,3,3,35,0,0,10,False,AutoRun,AutoRun,None,10,0,False,0,35,Levitate,Parking,None,False,0,30,0,RRR,0,45,115,0,10,15,0,10,30,0,1,3,3,3,3,35
17,2018cthar_qm17,177,558,839,155,3182,4987,513,284,1523121300,1523121122,0,20,35,True,AutoRun,AutoRun,AutoRun,15,0,True,10,90,Climbing,Levitate,Climbing,True,1,80,4,RLR,0,263,398,10,10,110,10,10,133,3,3,3,3,3,3,45,0,22,37,True,AutoRun,AutoRun,AutoRun,15,0,True,11,40,Parking,Levitate,Parking,False,1,5,1,RLR,3,157,242,0,10,11,10,10,136,3,3,3,3,3,3,45
18,2018cthar_qm18,3146,3464,6895,2785,195,1085,282,421,1523124670,1523124426,0,16,31,True,AutoRun,AutoRun,AutoRun,15,0,True,8,65,Climbing,Parking,Levitate,False,1,15,1,RRR,0,146,236,0,10,11,0,0,135,0,0,2,2,3,3,25,0,8,23,True,AutoRun,AutoRun,AutoRun,15,0,True,4,90,Climbing,Climbing,Levitate,True,3,5,4,RRR,0,268,393,10,0,112,10,0,136,3,3,0,1,3,3,35
19,2018cthar_qm19,181,1991,6333,173,1740,2836,279,357,1523125080,1523124903,0,16,31,False,AutoRun,AutoRun,AutoRun,15,8,False,0,65,Climbing,Parking,Levitate,False,1,10,0,RRR,0,148,238,0,2,17,0,0,131,0,0,2,2,3,3,25,0,14,29,True,AutoRun,AutoRun,AutoRun,15,0,True,7,40,Levitate,Parking,Parking,False,2,5,3,RRR,0,253,323,9,0,101,10,0,133,3,3,0,0,3,3,30
2,2018cthar_qm2,558,999,2064,1740,1085,236,285,246,1523114322,1523114223,0,20,35,True,AutoRun,AutoRun,AutoRun,15,0,True,10,65,Climbing,Parking,Levitate,False,0,5,3,LLL,0,145,245,0,8,9,0,8,136,0,1,3,3,3,3,35,0,22,27,False,None,None,AutoRun,5,8,True,3,65,Parking,Levitate,Climbing,False,1,0,0,LLL,0,139,219,0,0,122,0,0,17,0,0,0,0,3,3,15
20,2018cthar_qm20,190,1027,2170,5129,6346,7127,367,228,1523125610,1523125502,0,22,32,False,AutoRun,None,AutoRun,10,0,True,11,30,None,Levitate,None,False,2,15,2,RLR,0,255,320,10,0,99,10,0,136,3,3,0,1,3,3,35,0,18,33,True,AutoRun,AutoRun,AutoRun,15,0,True,9,40,Parking,Parking,Levitate,False,3,10,1,RLR,0,120,185,0,10,11,0,0,109,0,0,2,2,3,3,25
21,2018cthar_qm21,1973,6811,2785,6812,175,2064,188,416,1523126043,1523125863,0,0,15,False,AutoRun,AutoRun,AutoRun,15,0,False,0,10,None,Parking,Parking,False,0,130,0,RRR,0,23,43,0,0,0,0,0,23,0,0,0,0,0,2,10,0,18,33,True,AutoRun,AutoRun,AutoRun,15,0,True,9,65,Levitate,Climbing,Parking,False,21,0,3,RRR,1,273,383,10,10,117,10,10,136,3,3,3,3,3,3,45
22,2018cthar_qm22,2836,839,1085,230,3634,181,217,339,1523126466,1523126402,0,8,23,False,AutoRun,AutoRun,AutoRun,15,4,False,0,40,Parking,Parking,Levitate,False,0,5,0,RLR,0,134,189,0,0,6,0,0,128,0,0,0,0,3,3,15,0,18,33,True,AutoRun,AutoRun,AutoRun,15,1,True,8,65,Climbing,Levitate,Parking,False,1,0,3,RLR,0,206,306,0,0,60,10,0,136,3,3,0,1,3,3,35
23,2018cthar_qm23,5142,571,195,1027,3182,7127,431,56,1523126984,1523126891,0,22,37,True,AutoRun,AutoRun,AutoRun,15,0,True,11,30,None,Levitate,None,False,0,50,3,LLL,0,279,344,10,0,123,10,0,136,3,3,0,1,3,3,35,0,0,10,False,None,AutoRun,AutoRun,10,0,False,0,10,None,Parking,Parking,False,0,0,0,LLL,2,36,46,0,0,0,0,0,36,0,0,0,0,0,0,0
24,2018cthar_qm24,236,4987,175,190,5129,6812,362,185,1523127530,1523127362,0,18,33,True,AutoRun,AutoRun,AutoRun,15,0,True,9,65,Climbing,Parking,Levitate,False,1,30,3,LLL,0,214,299,0,0,112,0,0,102,0,1,0,0,3,3,20,0,8,18,False,AutoRun,AutoRun,None,10,4,False,0,35,None,Parking,Levitate,False,1,5,0,LLL,1,107,162,0,0,21,0,0,86,0,1,0,0,3,3,20
25,2018cthar_qm25,1740,176,6346,5746,155,3146,433,234,1523127987,1523127842,0,22,32,False,AutoRun,AutoRun,None,10,0,True,11,90,Climbing,Climbing,Levitate,True,1,25,3,LRL,2,261,376,0,0,115,10,0,136,1,2,0,0,3,3,25,0,16,31,True,AutoRun,AutoRun,AutoRun,15,0,True,8,10,None,Parking,Parking,False,0,55,1,LRL,1,113,148,0,10,11,10,10,92,1,1,3,3,0,1,25
26,2018cthar_qm26,3654,7153,3464,1991,173,558,306,382,1523128432,1523128321,0,8,23,True,AutoRun,AutoRun,AutoRun,15,0,True,4,65,Parking,Levitate,Climbing,False,0,25,1,LRL,0,148,258,0,10,11,1,10,136,3,3,3,3,3,3,45,0,20,35,True,AutoRun,AutoRun,AutoRun,15,0,True,10,60,None,Levitate,Climbing,False,0,0,3,LRL,1,242,347,0,10,106,0,10,136,0,3,3,3,3,3,45
27,2018cthar_qm27,5686,2067,177,999,6333,2170,429,238,1523128839,1523128677,0,16,31,True,AutoRun,AutoRun,AutoRun,15,0,True,8,65,Levitate,Parking,Climbing,False,0,55,3,LLL,0,248,343,10,0,127,0,0,111,2,3,0,0,3,3,30,0,22,37,True,AutoRun,AutoRun,AutoRun,15,0,True,11,40,Parking,Parking,Levitate,False,1,0,1,LLL,2,136,201,0,0,0,10,0,126,1,1,0,1,3,3,25
28,2018cthar_qm28,1973,4987,1027,3182,6811,6895,110,199,1523129327,1523129222,0,0,10,False,AutoRun,AutoRun,None,10,0,False,0,60,Levitate,Climbing,None,False,0,25,0,RRR,0,0,75,0,0,0,0,0,0,0,0,0,0,3,3,15,0,0,15,False,AutoRun,AutoRun,AutoRun,15,0,False,0,40,Parking,Parking,Levitate,False,0,0,2,RRR,1,129,184,0,0,0,0,0,129,0,0,0,0,3,3,15
29,2018cthar_qm29,3464,181,2785,558,5746,3634,245,426,1523129721,1523129529,0,14,29,True,AutoRun,AutoRun,AutoRun,15,0,True,7,65,Climbing,Parking,Levitate,False,0,0,1,LLL,1,136,216,0,0,0,0,0,136,0,0,0,0,3,3,15,0,20,35,True,AutoRun,AutoRun,AutoRun,15,0,True,10,65,Climbing,Levitate,Parking,False,0,25,3,LLL,0,266,366,10,0,110,10,0,136,3,3,1,1,3,3,35
3,2018cthar_qm3,6812,181,6895,190,6811,7153,295,230,1523114789,1523114642,0,14,24,False,None,AutoRun,AutoRun,10,0,True,7,65,Levitate,Climbing,Parking,False,2,5,2,RLR,0,186,266,0,0,50,0,0,136,0,0,0,0,3,3,15,0,8,23,False,AutoRun,AutoRun,AutoRun,15,4,False,0,0,None,None,None,False,1,10,0,RLR,0,192,197,0,0,80,10,0,102,1,1,0,0,0,0,5
30,2018cthar_qm30,230,5142,5686,6812,177,1740,287,346,1523130153,1523130002,0,20,35,True,AutoRun,AutoRun,AutoRun,15,2,True,8,35,Climbing,Parking,None,False,2,5,1,LRL,0,187,247,0,0,41,10,0,136,3,3,0,0,0,2,25,0,20,35,True,AutoRun,AutoRun,AutoRun,15,0,True,10,65,Levitate,Parking,Climbing,False,1,10,3,LRL,0,221,301,0,0,85,0,0,136,0,0,0,0,3,3,15
31,2018cthar_qm31,236,2170,155,1085,175,3654,554,317,1523130577,1523130422,0,22,37,True,AutoRun,AutoRun,AutoRun,15,0,True,11,40,Parking,Levitate,Parking,False,0,285,3,RLR,0,157,232,0,10,11,10,0,136,1,2,2,2,3,3,35,0,18,33,True,AutoRun,AutoRun,AutoRun,15,0,True,9,40,Levitate,Parking,Parking,False,2,0,1,RLR,11,229,284,0,0,114,0,0,115,0,0,0,0,3,3,15
32,2018cthar_qm32,190,1991,999,6333,3146,1973,393,142,1523131032,1523130842,0,4,19,False,AutoRun,AutoRun,AutoRun,15,2,False,0,40,Levitate,Parking,Parking,False,0,25,2,LLL,0,264,349,10,4,116,10,4,128,3,3,3,3,3,3,45,0,0,15,False,AutoRun,AutoRun,AutoRun,15,0,False,0,35,None,Parking,Levitate,False,0,0,0,LLL,1,57,127,0,10,11,0,10,46,1,1,3,3,3,3,35
33,2018cthar_qm33,7153,2836,195,6346,2067,571,420,196,1523131482,1523131322,0,22,37,True,AutoRun,AutoRun,AutoRun,15,0,True,11,90,Climbing,Levitate,Climbing,True,1,0,4,LRL,1,258,383,10,0,102,10,0,136,3,3,0,1,3,3,35,0,38,53,True,AutoRun,AutoRun,AutoRun,15,8,True,11,40,Parking,Climbing,Parking,False,0,30,1,LRL,0,63,113,0,0,28,0,0,35,0,0,0,0,0,2,10
34,2018cthar_qm34,6895,173,5129,2064,839,176,210,383,1523131913,1523131741,0,12,22,False,AutoRun,AutoRun,None,10,0,True,6,30,None,None,Climbing,False,2,5,0,LLL,1,143,183,0,0,21,0,0,122,0,0,0,0,0,2,10,0,22,37,True,AutoRun,AutoRun,AutoRun,15,0,True,11,40,Parking,Levitate,Parking,False,1,35,3,LLL,0,226,311,2,10,78,10,10,136,3,3,3,3,3,3,45
35,2018cthar_qm35,1740,558,3182,7127,6333,175,353,289,1523132356,1523132222,0,20,35,True,AutoRun,AutoRun,AutoRun,15,0,True,10,90,Climbing,Climbing,Levitate,True,3,0,4,LRL,0,198,318,0,10,52,10,0,136,1,1,2,2,3,3,30,0,18,28,False,None,AutoRun,AutoRun,10,0,True,9,35,None,Levitate,Parking,False,0,15,0,LRL,0,191,246,0,0,55,0,2,136,0,0,1,1,3,3,20
36,2018cthar_qm36,5686,3464,6346,571,6812,2785,318,205,1523132812,1523132642,0,16,31,True,AutoRun,AutoRun,AutoRun,15,0,True,8,60,None,Climbing,Levitate,False,0,25,3,LLL,2,157,262,0,10,11,10,10,136,3,3,3,3,3,3,45,0,0,10,False,AutoRun,None,AutoRun,10,0,False,0,10,Parking,Parking,None,False,0,50,0,LLL,1,125,145,0,0,112,0,0,13,0,0,0,0,0,2,10
37,2018cthar_qm37,7153,1991,839,3146,2064,195,264,481,1523133198,1523133121,0,18,33,True,AutoRun,AutoRun,AutoRun,15,0,True,9,65,Levitate,Parking,Climbing,False,1,5,1,RLR,1,142,227,0,0,1,5,0,136,1,1,0,0,3,3,20,0,22,37,True,AutoRun,AutoRun,AutoRun,15,0,True,11,90,Climbing,Levitate,Climbing,True,1,30,4,RLR,0,279,414,10,10,123,10,10,136,3,3,3,3,3,3,45
38,2018cthar_qm38,173,999,6811,1027,5746,3654,342,90,1523133592,1523133436,0,12,27,True,AutoRun,AutoRun,AutoRun,15,0,True,6,40,Parking,Levitate,Parking,False,1,0,3,LLL,0,230,315,3,0,84,7,0,136,3,3,0,3,3,3,45,0,0,15,False,AutoRun,AutoRun,AutoRun,15,0,False,0,10,None,Parking,Parking,False,0,5,0,LLL,0,40,70,0,10,21,0,10,19,0,1,3,3,0,0,20
39,2018cthar_qm39,2067,230,155,6895,7127,236,475,278,1523134546,1523134442,0,18,33,False,AutoRun,AutoRun,AutoRun,15,9,False,0,90,Levitate,Climbing,Climbing,True,0,85,3,LLL,0,222,357,10,10,127,10,10,75,3,3,3,3,3,3,45,0,6,16,False,AutoRun,AutoRun,None,10,0,True,3,90,Climbing,Levitate,Climbing,True,7,0,1,LLL,2,147,262,0,10,11,0,0,136,0,0,2,2,3,3,25
4,2018cthar_qm4,3182,3146,3634,155,176,173,159,463,1523115258,1523115073,0,0,15,False,AutoRun,AutoRun,AutoRun,15,0,False,0,65,Parking,Climbing,Levitate,False,1,0,0,LLL,2,49,144,0,10,11,0,10,38,0,0,3,3,3,3,30,0,14,29,True,AutoRun,AutoRun,AutoRun,15,0,True,7,65,Climbing,Parking,Levitate,False,0,55,3,LLL,0,274,379,10,0,118,10,0,136,3,3,0,2,3,3,40
40,2018cthar_qm40,1085,176,177,2170,181,1973,403,356,1523134973,1523134862,0,18,33,True,AutoRun,AutoRun,AutoRun,15,0,True,9,60,Levitate,None,Climbing,False,0,40,3,LRL,1,240,330,3,0,91,10,0,136,3,3,0,0,3,3,30,0,26,41,True,AutoRun,AutoRun,AutoRun,15,2,True,11,65,Levitate,Climbing,Parking,False,3,25,1,LRL,1,185,290,10,10,29,10,0,136,3,3,2,2,3,3,40
41,2018cthar_qm41,2836,3634,5129,5142,4987,190,246,349,1523135392,1523135281,0,18,33,True,AutoRun,AutoRun,AutoRun,15,0,True,9,40,Parking,Parking,Levitate,False,1,0,1,LRL,0,143,213,0,0,0,7,0,136,3,3,0,0,3,3,30,0,2,17,False,AutoRun,AutoRun,AutoRun,15,1,False,0,40,Parking,Parking,Levitate,False,0,5,2,LRL,0,257,327,10,0,124,10,0,113,3,3,0,0,3,3,30
42,2018cthar_qm42,6811,6333,2067,195,5686,839,204,429,1523135742,1523135582,0,20,35,True,AutoRun,AutoRun,AutoRun,15,0,True,10,65,Parking,Levitate,Climbing,False,0,0,1,LLL,1,79,169,0,0,0,0,10,79,0,1,1,1,3,3,25,0,22,37,True,AutoRun,AutoRun,AutoRun,15,0,True,11,40,Levitate,Parking,Parking,False,0,25,3,LLL,0,282,367,10,10,126,10,10,136,3,3,3,3,3,3,45
43,2018cthar_qm43,1991,155,3654,5746,177,181,252,409,1523136206,1523136063,0,32,47,True,AutoRun,AutoRun,AutoRun,15,5,True,11,65,Levitate,Climbing,Parking,False,1,30,1,RRR,0,65,175,0,10,21,0,10,44,3,3,3,3,3,3,45,0,2,17,False,AutoRun,AutoRun,AutoRun,15,1,False,0,90,Levitate,Climbing,Climbing,True,1,5,3,RRR,1,252,387,10,10,112,10,10,120,3,3,3,3,3,3,45
44,2018cthar_qm44,2170,175,5129,4987,1085,173,336,213,1523136575,1523136398,0,22,37,True,AutoRun,AutoRun,AutoRun,15,0,True,11,65,Parking,Climbing,Levitate,False,1,0,3,LLL,0,189,299,4,10,39,10,10,136,3,3,3,3,3,3,45,0,12,27,True,AutoRun,AutoRun,AutoRun,15,0,True,6,10,Parking,None,Parking,False,0,5,1,LLL,0,166,181,0,0,50,0,0,116,0,0,0,0,0,1,5
45,2018cthar_qm45,1027,5142,176,230,2785,999,213,496,1523137122,1523137024,0,22,37,True,AutoRun,AutoRun,AutoRun,15,0,True,11,35,Parking,None,Levitate,False,0,50,1,RLR,3,66,126,0,10,11,0,0,55,0,0,2,2,3,3,25,0,18,33,False,AutoRun,AutoRun,AutoRun,15,9,False,0,65,Climbing,Parking,Levitate,False,0,75,2,RLR,2,283,388,10,5,127,10,0,136,3,3,2,2,3,3,40
46,2018cthar_qm46,571,7127,3146,236,3634,6812,375,35,1523137649,1523137502,0,16,31,True,AutoRun,AutoRun,AutoRun,15,0,True,8,40,Parking,Levitate,Parking,False,2,0,3,LLL,0,259,344,3,10,110,10,10,136,3,3,3,3,3,3,45,0,0,15,False,AutoRun,AutoRun,AutoRun,15,0,False,0,0,None,None,None,False,0,10,0,LLL,0,10,10,0,0,10,0,0,0,0,0,0,0,0,0,0
47,2018cthar_qm47,7153,6895,1740,6346,190,3182,178,428,1523138452,1523138342,0,0,10,False,AutoRun,AutoRun,None,10,0,False,0,30,None,Climbing,None,False,0,50,0,RRR,2,78,118,0,9,10,0,0,68,0,0,2,2,0,0,10,0,16,31,False,AutoRun,AutoRun,AutoRun,15,8,False,0,40,Parking,Levitate,Parking,False,5,50,2,RRR,1,277,347,10,0,126,10,0,131,3,3,0,0,3,3,30
48,2018cthar_qm48,1973,2064,2836,3464,558,155,365,304,1523138926,1523138821,0,18,33,True,AutoRun,AutoRun,AutoRun,15,0,True,9,65,Parking,Levitate,Climbing,False,1,5,3,LLL,0,237,327,0,0,105,9,4,123,1,1,1,1,3,3,25,0,12,27,True,AutoRun,AutoRun,AutoRun,15,0,True,6,65,Parking,Levitate,Climbing,False,1,5,1,LLL,0,162,272,0,10,16,10,10,136,3,3,3,3,3,3,45
49,2018cthar_qm49,3146,5686,2785,5129,839,3654,324,321,1523139242,1523139122,0,22,32,False,None,AutoRun,AutoRun,10,0,True,11,65,Climbing,Levitate,Parking,False,0,25,2,RRR,2,157,267,0,10,11,10,0,136,3,3,2,3,3,3,45,0,0,10,False,AutoRun,None,AutoRun,10,0,False,0,65,Levitate,Climbing,Parking,False,0,50,0,RRR,1,161,261,0,3,116,10,0,35,1,1,2,3,3,3,35
5,2018cthar_qm5,839,4987,230,1991,5746,1973,430,143,1523115956,1523115782,0,24,39,True,AutoRun,AutoRun,AutoRun,15,2,True,10,65,Climbing,Levitate,Parking,False,0,5,3,LRL,0,291,386,10,0,135,10,0,136,3,3,0,0,3,3,30,0,0,10,False,AutoRun,AutoRun,None,10,0,False,0,10,Parking,Parking,None,False,1,0,0,LRL,0,123,133,0,0,0,0,0,123,0,0,0,0,0,0,0
50,2018cthar_qm50,176,175,5746,177,190,195,293,417,1523139711,1523139482,0,30,45,True,AutoRun,AutoRun,AutoRun,15,5,True,10,40,Parking,Parking,Levitate,False,1,5,1,RRR,1,178,243,0,8,42,0,0,136,0,0,2,2,3,3,25,0,26,41,True,AutoRun,AutoRun,AutoRun,15,2,True,11,90,Climbing,Levitate,Climbing,True,1,30,4,RRR,0,211,346,10,0,89,3,10,109,3,3,1,3,3,3,45
51,2018cthar_qm51,999,1027,3634,2170,558,7153,205,416,1523140103,1523139961,0,0,15,False,AutoRun,AutoRun,AutoRun,15,0,False,0,5,Parking,None,None,False,0,75,0,LRL,1,90,115,0,10,11,0,10,79,0,1,3,3,0,0,20,0,22,37,True,AutoRun,AutoRun,AutoRun,15,0,True,11,35,None,Parking,Levitate,False,0,25,3,LRL,3,274,354,10,0,118,10,0,136,3,3,3,3,3,3,45
52,2018cthar_qm52,173,1973,5142,236,6346,230,313,356,1523140615,1523140502,0,14,29,True,AutoRun,AutoRun,AutoRun,15,0,True,7,35,Levitate,None,Parking,False,0,75,1,RLR,0,159,209,0,0,23,0,0,136,0,0,0,0,3,3,15,0,38,53,True,AutoRun,AutoRun,AutoRun,15,8,True,11,40,Parking,Levitate,Parking,False,0,0,3,RLR,3,238,303,0,0,92,10,10,136,1,1,1,1,3,3,25
53,2018cthar_qm53,2064,1740,7127,4987,181,2836,346,302,1523141059,1523140873,0,12,27,True,AutoRun,AutoRun,AutoRun,15,0,True,6,65,Parking,Climbing,Levitate,False,1,0,3,LRL,0,224,319,10,0,78,0,6,136,2,2,1,1,3,3,30,0,18,33,True,AutoRun,AutoRun,AutoRun,15,0,True,9,40,Parking,Parking,Levitate,False,0,5,1,LRL,0,184,264,0,0,48,0,0,136,2,3,0,2,3,3,40
54,2018cthar_qm54,6811,6812,1085,1991,3182,2067,155,416,1523141654,1523141469,0,0,15,False,AutoRun,AutoRun,AutoRun,15,0,False,0,35,Levitate,None,Parking,False,4,75,0,LLL,1,10,65,0,0,0,0,9,10,0,0,1,1,3,3,20,0,20,35,True,AutoRun,AutoRun,AutoRun,15,0,True,10,65,Parking,Climbing,Levitate,False,0,45,3,LLL,3,251,336,0,0,105,10,0,136,1,1,0,0,3,3,20
55,2018cthar_qm55,6895,6333,155,3464,571,5746,190,401,1523142062,1523141903,0,22,37,True,AutoRun,AutoRun,AutoRun,15,0,True,11,40,Parking,Levitate,Parking,False,4,0,1,RRR,1,68,153,0,10,11,0,10,57,3,3,3,3,3,3,45,0,10,25,True,AutoRun,AutoRun,AutoRun,15,0,True,5,65,Parking,Climbing,Levitate,False,0,45,3,RRR,0,241,331,5,0,113,0,0,123,2,2,0,0,3,3,25
56,2018cthar_qm56,3634,195,2170,5129,1973,1740,474,169,1523142550,1523142362,0,42,57,True,AutoRun,AutoRun,AutoRun,15,10,True,11,90,Levitate,Climbing,Climbing,True,0,5,4,LRL,0,292,412,10,0,136,10,0,136,3,3,0,0,3,3,30,0,0,15,False,AutoRun,AutoRun,AutoRun,15,0,False,0,65,Parking,Levitate,Climbing,False,1,0,0,LRL,0,69,154,0,0,0,0,0,69,0,0,0,1,3,3,20
57,2018cthar_qm57,6811,6346,1991,175,999,5142,93,413,1523142960,1523142738,0,18,28,False,AutoRun,AutoRun,None,10,0,True,9,40,Parking,Levitate,Parking,False,0,0,0,RRR,0,10,65,0,0,0,0,0,10,0,0,0,0,3,3,15,0,18,33,True,AutoRun,AutoRun,AutoRun,15,0,True,9,65,Climbing,Parking,Levitate,False,0,0,3,RRR,0,270,380,10,0,114,10,0,136,3,3,0,3,3,3,45
58,2018cthar_qm58,177,236,3464,839,6895,1027,447,286,1523143290,1523143148,0,12,27,True,AutoRun,AutoRun,AutoRun,15,0,True,6,90,Climbing,Climbing,Levitate,True,1,35,4,LRL,0,255,385,2,0,107,10,0,136,3,3,0,2,3,3,40,0,0,15,False,AutoRun,AutoRun,AutoRun,15,0,False,0,65,Climbing,Parking,Levitate,False,7,5,0,LRL,0,156,266,0,10,16,10,10,130,1,3,3,3,3,3,45
59,2018cthar_qm59,5686,190,173,3182,1085,571,403,256,1523143679,1523143622,0,16,31,False,AutoRun,AutoRun,AutoRun,15,8,False,0,40,Levitate,Parking,Parking,False,1,10,2,LRL,0,277,362,10,10,129,10,10,128,3,3,3,3,3,3,45,0,18,33,True,AutoRun,AutoRun,AutoRun,15,0,True,9,65,Climbing,Levitate,Parking,False,2,5,1,LRL,0,138,218,0,0,2,0,0,136,0,0,0,0,3,3,15
6,2018cthar_qm6,1027,195,175,3654,2836,5686,354,215,1523116495,1523116441,0,22,32,False,None,AutoRun,AutoRun,10,0,True,11,30,None,None,Levitate,False,0,5,2,RRR,0,262,317,10,0,116,0,0,136,2,2,0,0,3,3,25,0,16,31,True,AutoRun,AutoRun,AutoRun,15,0,True,8,35,None,Climbing,Parking,False,1,0,1,RRR,0,119,184,0,10,11,0,10,108,2,2,3,3,0,1,30
60,2018cthar_qm60,3146,3654,6812,6333,176,2836,316,411,1523144208,1523144042,0,14,29,True,AutoRun,AutoRun,AutoRun,15,0,True,7,65,Climbing,Parking,Levitate,False,0,25,1,LRL,0,157,262,0,10,11,10,10,136,1,2,3,3,3,3,40,0,28,43,True,AutoRun,AutoRun,AutoRun,15,5,True,9,90,Levitate,Climbing,Climbing,True,0,0,4,LRL,1,263,368,0,0,127,0,0,136,0,0,0,0,3,3,15
7,2018cthar_qm7,1740,571,6333,2785,2170,7127,274,309,1523116929,1523116769,0,0,15,False,AutoRun,AutoRun,AutoRun,15,0,False,0,40,Parking,Parking,Levitate,False,1,55,0,RRR,1,149,204,0,0,32,0,0,117,0,0,0,0,3,3,15,0,22,37,True,AutoRun,AutoRun,AutoRun,15,0,True,11,40,Levitate,Parking,Parking,False,1,30,3,RRR,2,157,242,0,10,11,10,0,136,3,3,2,3,3,3,45
8,2018cthar_qm8,3182,3464,230,999,5129,181,290,279,1523117320,1523117222,0,12,27,True,AutoRun,AutoRun,AutoRun,15,2,True,4,65,Levitate,Parking,Climbing,False,1,0,3,RLR,0,173,263,10,0,94,0,0,69,2,2,0,0,3,3,25,0,24,39,True,AutoRun,AutoRun,AutoRun,15,3,True,9,40,Parking,Levitate,Parking,False,0,5,1,RLR,0,150,235,0,8,14,0,8,136,2,3,3,3,3,3,45
9,2018cthar_qm9,2067,3146,1027,5746,2064,6811,388,173,1523117733,1523117563,0,0,10,False,AutoRun,AutoRun,None,10,0,False,0,40,Parking,Parking,Levitate,False,2,50,2,LLL,0,243,328,10,10,97,10,10,126,3,3,3,3,3,3,45,0,8,23,True,AutoRun,AutoRun,AutoRun,15,0,True,4,40,Levitate,Parking,Parking,False,0,10,1,LLL,2,55,140,0,10,15,0,10,40,3,3,3,3,3,3,45
61,2018cthar_qm61,2785,2064,4987,7153,7127,230,167,411,1523193786,1523194200,0,14,29,True,AutoRun,AutoRun,AutoRun,15,0,True,7,40,Parking,Parking,Levitate,False,0,0,1,RLR,0,68,138,0,5,6,0,5,62,0,0,3,3,3,3,30,0,22,37,True,AutoRun,AutoRun,AutoRun,15,0,True,11,65,Levitate,Parking,Climbing,False,0,0,3,RLR,0,264,374,10,10,108,10,10,136,3,3,3,3,3,3,45
62,2018cthar_qm62,558,571,5129,839,2067,181,253,345,1523194236,1523194620,0,32,47,True,AutoRun,AutoRun,AutoRun,15,5,True,11,35,None,Parking,Levitate,False,1,5,1,RRR,0,136,201,0,0,23,0,0,113,0,3,0,0,3,3,30,0,16,26,False,AutoRun,None,AutoRun,10,0,True,8,65,Climbing,Levitate,Parking,False,1,5,2,RRR,0,214,314,0,8,102,0,8,112,1,1,3,3,3,3,35
63,2018cthar_qm63,5142,3182,236,2836,3146,2170,295,414,1523194786,1523194622,0,16,31,True,AutoRun,AutoRun,AutoRun,15,0,True,8,40,Levitate,Parking,Parking,False,2,55,1,RLR,0,154,209,0,0,36,0,0,118,0,0,0,0,3,3,15,0,22,37,True,AutoRun,AutoRun,AutoRun,15,0,True,11,90,Climbing,Climbing,Levitate,True,1,10,4,RLR,2,232,367,10,10,76,10,10,136,3,3,3,3,3,3,45
64,2018cthar_qm64,176,7127,190,2064,177,1991,393,217,1523195235,1523195042,0,30,45,True,AutoRun,AutoRun,AutoRun,15,6,True,9,35,Levitate,None,Parking,False,1,0,3,LLL,1,273,348,10,0,117,10,0,136,3,3,0,2,3,3,40,0,4,19,False,AutoRun,AutoRun,AutoRun,15,1,False,1,35,Parking,Levitate,None,False,0,30,0,LLL,0,103,168,0,10,11,10,0,82,1,1,2,2,3,3,30
65,2018cthar_qm65,3654,2067,1740,4987,3464,6811,410,321,1523195586,1523195524,0,28,43,True,AutoRun,AutoRun,AutoRun,15,4,True,10,65,Parking,Climbing,Levitate,False,0,0,3,LRL,4,282,367,0,0,136,10,0,136,1,1,0,0,3,3,20,0,10,25,True,AutoRun,AutoRun,AutoRun,15,0,True,5,40,Parking,Parking,Levitate,False,0,100,1,LRL,0,136,196,0,0,0,0,10,136,0,0,1,1,3,3,20
66,2018cthar_qm66,1973,230,175,155,5686,7153,516,270,1523196081,1523195947,0,24,39,True,AutoRun,AutoRun,AutoRun,15,2,True,10,35,Levitate,None,Parking,False,0,135,3,LRL,0,277,342,10,0,127,10,0,130,3,3,0,0,3,3,30,0,18,33,True,AutoRun,AutoRun,AutoRun,15,0,True,9,35,Parking,None,Levitate,False,2,0,1,LRL,5,157,237,0,10,11,10,10,136,3,3,3,3,3,3,45
67,2018cthar_qm67,195,999,6812,3634,2785,173,470,117,1523196425,1523196302,0,22,37,True,AutoRun,AutoRun,AutoRun,15,0,True,11,90,Climbing,Climbing,Levitate,True,0,25,4,LLL,0,283,408,10,0,127,10,10,136,3,3,1,1,3,3,35,0,12,27,True,AutoRun,AutoRun,AutoRun,15,0,True,6,30,Levitate,None,None,False,5,0,1,LLL,0,45,90,0,0,0,0,0,45,0,0,0,0,3,3,15
68,2018cthar_qm68,6333,5746,6346,1085,1027,558,357,337,1523196926,1523196784,0,8,23,True,AutoRun,AutoRun,AutoRun,15,0,True,4,35,None,Parking,Levitate,False,3,25,3,LRL,2,249,309,9,0,104,0,0,136,2,2,0,0,3,3,25,0,20,35,True,AutoRun,AutoRun,AutoRun,15,0,True,10,35,None,Parking,Levitate,False,0,65,1,LRL,1,157,237,0,10,11,10,10,136,3,3,3,3,3,3,45
69,2018cthar_qm69,181,1740,5142,2067,6895,1973,471,160,1523197265,1523197086,0,0,15,False,AutoRun,AutoRun,AutoRun,15,0,False,0,65,Climbing,Parking,Levitate,False,1,105,2,LRL,0,256,351,10,0,120,0,0,126,2,2,0,1,3,3,30,0,2,17,True,AutoRun,AutoRun,AutoRun,15,0,True,1,40,Parking,Parking,Levitate,False,1,5,1,LRL,4,83,138,0,0,0,0,0,83,0,0,0,0,3,3,15
70,2018cthar_qm70,6811,155,839,999,2836,236,252,446,1523197702,1523197513,0,20,35,True,AutoRun,AutoRun,AutoRun,15,0,True,10,65,Levitate,Climbing,Parking,False,1,85,1,RLR,0,32,132,0,10,11,0,10,21,1,1,3,3,3,3,35,0,34,49,True,AutoRun,AutoRun,AutoRun,15,8,True,9,65,Levitate,Climbing,Parking,False,2,5,3,RLR,3,282,392,10,0,126,10,0,136,3,3,0,3,3,3,45
71,2018cthar_qm71,5746,2785,7153,1085,5129,1991,221,396,1523198120,1523197982,0,10,25,True,AutoRun,AutoRun,AutoRun,15,0,True,5,35,Parking,Levitate,None,False,0,5,1,LRL,1,136,191,0,0,0,0,0,136,0,1,0,0,3,3,20,0,12,22,False,None,AutoRun,AutoRun,10,6,False,0,35,None,Levitate,Parking,False,1,25,2,LRL,0,274,349,10,6,136,0,6,128,2,2,3,3,3,3,40
72,2018cthar_qm72,2064,3182,6333,3634,3654,6346,229,341,1523198674,1523198462,0,0,15,False,AutoRun,AutoRun,AutoRun,15,0,False,0,35,None,Parking,Levitate,False,1,0,0,RRR,1,134,214,0,10,18,10,10,106,3,3,3,3,3,3,45,0,18,33,True,AutoRun,AutoRun,AutoRun,15,0,True,9,40,Parking,Parking,Levitate,False,0,30,3,RRR,0,213,278,5,0,72,0,0,136,2,2,0,0,3,3,25
73,2018cthar_qm73,176,6812,4987,181,1027,571,211,437,1523199117,1523198942,0,22,37,True,AutoRun,AutoRun,AutoRun,15,0,True,11,0,None,None,None,False,1,75,1,LRL,0,89,99,10,0,16,0,0,63,2,2,0,0,0,0,10,0,34,49,True,AutoRun,AutoRun,AutoRun,15,8,True,9,65,Climbing,Parking,Levitate,False,0,5,3,LRL,3,273,383,7,10,120,10,10,136,3,3,3,3,3,3,45
74,2018cthar_qm74,7127,195,558,5686,2170,6895,468,225,1523199631,1523199542,0,40,55,True,AutoRun,AutoRun,AutoRun,15,10,True,10,90,Levitate,Climbing,Climbing,True,0,25,4,LLL,0,268,388,10,0,127,10,0,121,3,3,0,0,3,3,30,0,22,37,True,AutoRun,AutoRun,AutoRun,15,0,True,11,40,Parking,Levitate,Parking,False,0,0,1,LLL,1,123,188,0,10,11,0,0,112,0,0,2,2,3,3,25
75,2018cthar_qm75,175,190,3464,230,173,3146,370,376,1523200041,1523199848,0,30,45,True,AutoRun,AutoRun,AutoRun,15,8,True,7,90,Climbing,Levitate,Climbing,True,0,5,2,LRL,0,190,320,0,9,44,10,9,136,1,2,3,3,3,3,40,0,22,37,True,AutoRun,AutoRun,AutoRun,15,0,True,11,65,Parking,Levitate,Climbing,False,1,0,3,LRL,0,234,339,0,10,88,10,10,136,1,2,3,3,3,3,40
76,2018cthar_qm76,3634,1973,1085,177,6811,571,137,375,1523200610,1523200382,0,0,15,False,AutoRun,AutoRun,AutoRun,15,0,False,0,40,Levitate,Parking,Parking,False,0,5,0,LRL,1,62,117,0,0,0,0,0,62,0,0,0,0,3,3,15,0,20,35,True,AutoRun,AutoRun,AutoRun,15,0,True,10,40,Parking,Levitate,Parking,False,1,25,3,LRL,0,260,315,0,0,124,0,0,136,0,0,0,0,3,3,15
77,2018cthar_qm77,839,2170,5746,6812,7153,5142,430,63,1523201077,1523200922,0,22,37,True,AutoRun,AutoRun,AutoRun,15,0,True,11,65,Climbing,Levitate,Parking,False,2,10,3,RLR,1,283,383,10,0,127,10,0,136,3,3,0,1,3,3,35,0,0,10,False,None,AutoRun,AutoRun,10,0,False,0,0,None,None,None,False,2,35,0,RLR,0,18,18,0,0,0,0,0,18,0,0,0,0,0,0,0
73,2018cthar_qm73,176,6812,4987,181,1027,571,211,437,1523199117,1523198942,0,22,37,True,AutoRun,AutoRun,AutoRun,15,0,True,11,0,None,None,None,False,1,75,1,LRL,0,89,99,10,0,16,0,0,63,2,2,0,0,0,0,10,0,34,49,True,AutoRun,AutoRun,AutoRun,15,8,True,9,65,Climbing,Parking,Levitate,False,0,5,3,LRL,3,273,383,7,10,120,10,10,136,3,3,3,3,3,3,45
74,2018cthar_qm74,7127,195,558,5686,2170,6895,468,225,1523199631,1523199542,0,40,55,True,AutoRun,AutoRun,AutoRun,15,10,True,10,90,Levitate,Climbing,Climbing,True,0,25,4,LLL,0,268,388,10,0,127,10,0,121,3,3,0,0,3,3,30,0,22,37,True,AutoRun,AutoRun,AutoRun,15,0,True,11,40,Parking,Levitate,Parking,False,0,0,1,LLL,1,123,188,0,10,11,0,0,112,0,0,2,2,3,3,25
75,2018cthar_qm75,175,190,3464,230,173,3146,370,376,1523200041,1523199848,0,30,45,True,AutoRun,AutoRun,AutoRun,15,8,True,7,90,Climbing,Levitate,Climbing,True,0,5,2,LRL,0,190,320,0,9,44,10,9,136,1,2,3,3,3,3,40,0,22,37,True,AutoRun,AutoRun,AutoRun,15,0,True,11,65,Parking,Levitate,Climbing,False,1,0,3,LRL,0,234,339,0,10,88,10,10,136,1,2,3,3,3,3,40
76,2018cthar_qm76,3634,1973,1085,177,6811,571,137,375,1523200610,1523200382,0,0,15,False,AutoRun,AutoRun,AutoRun,15,0,False,0,40,Levitate,Parking,Parking,False,0,5,0,LRL,1,62,117,0,0,0,0,0,62,0,0,0,0,3,3,15,0,20,35,True,AutoRun,AutoRun,AutoRun,15,0,True,10,40,Parking,Levitate,Parking,False,1,25,3,LRL,0,260,315,0,0,124,0,0,136,0,0,0,0,3,3,15
77,2018cthar_qm77,839,2170,5746,6812,7153,5142,430,63,1523201077,1523200922,0,22,37,True,AutoRun,AutoRun,AutoRun,15,0,True,11,65,Climbing,Levitate,Parking,False,2,10,3,RLR,1,283,383,10,0,127,10,0,136,3,3,0,1,3,3,35,0,0,10,False,None,AutoRun,AutoRun,10,0,False,0,0,None,None,None,False,2,35,0,RLR,0,18,18,0,0,0,0,0,18,0,0,0,0,0,0,0
78,2018cthar_qm78,6333,3654,558,6895,230,190,226,377,1523201521,1523201402,0,20,35,True,AutoRun,AutoRun,AutoRun,15,0,True,10,40,Levitate,Parking,Parking,False,0,0,1,RLR,0,136,191,0,0,0,0,0,136,0,0,0,0,3,3,15,0,30,45,True,AutoRun,AutoRun,AutoRun,15,4,True,11,60,None,Climbing,Levitate,False,0,0,3,RLR,0,257,332,0,0,136,0,0,121,0,0,0,0,3,3,15
79,2018cthar_qm79,7127,5686,4987,176,999,3464,192,297,1523202012,1523201882,0,16,31,True,AutoRun,AutoRun,AutoRun,15,0,True,8,35,Levitate,None,Parking,False,0,0,1,LLL,0,96,161,0,0,0,0,0,96,3,3,0,0,3,3,30,0,32,47,True,AutoRun,AutoRun,AutoRun,15,10,True,6,5,None,None,Parking,False,0,0,3,LLL,0,240,250,0,0,136,0,0,104,1,1,0,0,0,0,5
80,2018cthar_qm80,2836,2785,2067,173,177,3182,291,476,1523202455,1523202302,0,18,33,True,AutoRun,AutoRun,AutoRun,15,0,True,9,90,Climbing,Levitate,Climbing,True,0,25,2,RRR,2,128,233,0,0,0,0,0,128,0,0,0,0,3,3,15,0,18,28,False,None,AutoRun,AutoRun,10,0,True,9,90,Levitate,Climbing,Climbing,True,0,50,3,RRR,1,268,398,10,2,122,0,2,136,2,2,3,3,3,3,40
